title,url
1【喝】プログラミングで副業したいなら行動しろよ,H5nGEMuA4Sw
2【本質】プログラミング学習で初心者が本当に学ぶべきこと,FdI9w8O15xs
3 本質から外れたことやるプログラミング初心者多すぎ,C7pZ1brI2fQ
4 プログラミング学習でモチベーションを下げない方法,qH32Bv4uCWo
5【プログラマーへの転職を成功させるために僕が実践したSNS・ブログの活用法,ZmYaLc3tjxw
6 アラサーからプログラマーになりたいなら捨てる勇気を持とう,cflR0aDGgmU
7 プログラミングスキルを活用して個人で月10万稼ぐ方法,Ehpl7qCag_0
8 プログラミングは応用力が命,crhpV_5eCLg
9上司の言うことだけを聞いていても決して稼げるようにはならない理由,GQ81KMGD52Q
10 プログラマーになるためにポートフォリオは必要なのか？？,8fDQXlO7a2U
11【喝】プログラミングで副業したいなら行動しろよ,H5nGEMuA4Sw
12【本質】プログラミング学習で初心者が本当に学ぶべきこと,FdI9w8O15xs
13 本質から外れたことやるプログラミング初心者多すぎ,C7pZ1brI2fQ
14 プログラミング学習でモチベーションを下げない方法,qH32Bv4uCWo
15【プログラマーへの転職を成功させるために僕が実践したSNS・ブログの活用法,ZmYaLc3tjxw
16 アラサーからプログラマーになりたいなら捨てる勇気を持とう,cflR0aDGgmU
17 プログラミングスキルを活用して個人で月10万稼ぐ方法,Ehpl7qCag_0
18 プログラミングは応用力が命,crhpV_5eCLg
19上司の言うことだけを聞いていても決して稼げるようにはならない理由,GQ81KMGD52Q
20 プログラマーになるためにポートフォリオは必要なのか？？,8fDQXlO7a2U
21【喝】プログラミングで副業したいなら行動しろよ,H5nGEMuA4Sw
22【本質】プログラミング学習で初心者が本当に学ぶべきこと,FdI9w8O15xs
23 本質から外れたことやるプログラミング初心者多すぎ,C7pZ1brI2fQ
24 プログラミング学習でモチベーションを下げない方法,qH32Bv4uCWo
25【プログラマーへの転職を成功させるために僕が実践したSNS・ブログの活用法,ZmYaLc3tjxw
26 アラサーからプログラマーになりたいなら捨てる勇気を持とう,cflR0aDGgmU
27 プログラミングスキルを活用して個人で月10万稼ぐ方法,Ehpl7qCag_0
28 プログラミングは応用力が命,crhpV_5eCLg
29上司の言うことだけを聞いていても決して稼げるようにはならない理由,GQ81KMGD52Q
30 プログラマーになるためにポートフォリオは必要なのか？？,8fDQXlO7a2U
